8ad90db46580ecc9992f37c44b731271ad34e207,MODIFY,regular-file,.eslintrc.js,351,1;3;5;10;12-13;16-17
dc072985cb315ef8dc31dfc71a0dc9f56d56a8e1,MODIFY,regular-file,.firebaserc,52,1-2;4-5
e9558405fdcc02f12d757acb308e02937a7444f1,MODIFY,regular-file,babel.config.js,73,1;5
1d5feee3aecd32832ed25b97308618c534b84083,MODIFY,regular-file,firebase.json,236,1-2;7;10;12-13
2e17c2a0e6bb05d2ce9f8c0b1aab7665b1a870bc,MODIFY,regular-file,package-lock.json,533223,1;6-7;12;14-16;21;25-27;32;49-51;56;60-62;67;69-71;76;79-81;86;92-94;99;106-108;113;117-119;124;128-130;135;138-140;145;149-151;156;158-160;165;167-169;174;176-178;183;185-187;192;200-202;207;209-211;216-217;222;224-226;231;237-239;244;249-251;256;259-261;266;268-270;275;277-279;284-285;290;295-297;302;306-308;313;317-319;324-325;330;334-336;341;344-346;351;355-357;362;365-367;372;375-377;382;385-387;392;395-397;402;405-407;412;415-417;422;426-428;433;436-438;443;447-449;454;457-459;464;467-469;474;476-478;483;485-487;492;494-496;501;503-505;510;512-514;519;521-523;528;530-532;537;539-541;546;548-550;555;557-559;564;566-568;573;575-577;582;584-586;591;593-595;600;602-604;609;613-615;620;622-624;629;631-633;638;647-649;654;656-658;663;665-667;672;675-677;682;684-686;691;694-696;701;703-705;710;713-715;720;722-724;729;731-733;738;742-744;749;754-756;761;766-768;773;776-778;783;785-787;792;794-796;801;804-806;811;814-816;821;823-825;830;832-834;839;841-843;848;853-855;860;862-864;869;872-874;879;882-884;889;892-894;899;901-903;908;910-912;917;920-922;927;996-998;1003;1009-1011;1016;1018-1020;1025;1029-1031;1036;1046-1048;1053;1057-1059;1063;1070-1072;1076-1077;1081;1089-1091;1095-1096;1100;1102-1104;1108-1109;1113-1114;1118;1121-1123;1127;1135-1137;1141;1143-1147;1151;1153-1155;1159;1169-1171;1175-1176;1180;1186-1188;1192-1193;1197;1203-1205;1209-1210;1214-1215;1219;1226-1228;1232-1233;1237;1244-1246;1250-1251;1255;1259-1261;1265-1268;1272;1279-1281;1285-1286;1290;1295-1297;1301-1302;1306;1308-1310;1314-1315;1320;1330-1332;1337;1343-1345;1350;1365-1367;1372-1373;1378;1382-1384;1389;1392-1396;1401;1404-1406;1411-1412;1417-1418;1423;1446-1448;1453;1458-1460;1465;1471-1473;1478-1479;1484-1485;1490;1492-1494;1499;1503-1505;1510;1515-1519;1524;1528-1530;1535;1538-1542;1546;1548-1550;1554-1557;1561;1564-1566;1571-1572;1577-1578;1583-1584;1589;1594-1596;1601;1603-1605;1610;1614-1616;1621;1624-1626;1631-1632;1636-1637;1641-1642;1646-1647;1651-1652;1656;1659-1661;1665-1666;1670-1671;1675-1676;1680-1681;1685-1686;1691;1695-1697;1702-1703;1708-1709;1714;1720-1722;1727-1728;1733;1736-1738;1743-1744;1749;1751-1755;1760;1762-1764;1769-1772;1777-1778;1783-1784;1789-1790;1795;1797-1799;1804;1807-1809;1814-1815;1819-1820;1825-1826;1830-1831;1836-1837;1842-1843;1848-1849;1854;1861-1863;1868;1884-1886;1891-1894;1899;1906-1908;1913;1915-1917;1922;1924-1926;1931;1938-1940;1945;1949-1951;1956-1957;1962;1970-1972;1977;1984-1986;1991;1995-1997;2002;2004-2006;2011-2012;2017;2070-2072;2077-2078;2083;2102-2104;2109;2113-2115;2120;2123-2125;2130;2134-2136;2141;2143-2145;2150;2152-2154;2159;2161-2163;2168-2169;2174;2176-2178;2183-2184;2189-2190;2195;2198-2200;2205;2215-2219;2224;2237-2239;2244-2247;2252;2262-2264;2269-2270;2275;2278-2280;2285-2286;2291-2294;2299-2300;2305-2306;2311;2315-2317;2322-2323;2328-2329;2334-2335;2340;2342-2344;2349-2350;2355;2357-2359;2364-2365;2370;2375-2377;2382;2384-2386;2391;2393-2395;2400-2401;2406;2415-2417;2422;2428-2430;2435;2440-2442;2447;2454-2456;2461;2468-2470;2475;2479-2481;2486-2487;2492-2493;2498;2500-2502;2507;2510-2512;2517-2518;2523-2524;2529-2530;2535-2536;2541;2543-2545;2550;2553-2555;2560;2565-2567;2572-2573;2578-2579;2584-2585;2590-2591;2596;2598-2600;2605-2608;2613-2614;2619-2620;2625;2627-2629;2634-2635;2640;2643-2645;2650-2651;2656-2657;2662;2664-2666;2671-2672;2677-2678;2683-2684;2689-2690;2695-2696;2701;2703-2705;2710-2711;2716-2717;2722-2723;2728;2730-2732;2737;2741-2743;2748-2751;2756;2759-2761;2766-2767;2772;2774-2778;2783-2784;2789-2790;2795-2796;2801;2803-2805;2810-2811;2816-2817;2822-2823;2828-2829;2834;2842-2844;2849;2851-2853;2858-2859;2864-2865;2870;2877-2879;2884;2886-2888;2893;2899-2901;2906;2908-2910;2915-2916;2921;2924-2926;2931;2934-2936;2941-2942;2947-2950;2955-2956;2961-2962;2967;2975-2977;2982;2984-2986;2991;2993-2995;3000;3002-3004;3009;3013-3017;3021-3022;3027-3028;3033;3035-3037;3042;3047-3049;3054-3055;3060-3061;3066-3067;3073;3075-3077;3082-3083;3088-3089;3094;3105-3107;3112;3114-3116;3121-3122;3127-3130;3135;3142-3144;3149-3152;3157-3158;3163;3166-3168;3173;3184-3186;3191;3193-3197;3202-3203;3208;3215-3217;3222;3226-3228;3233;3238-3240;3245;3248-3250;3255-3258;3263;3273-3275;3280;3284-3286;3291-3294;3299;3301-3303;3308;3313-3315;3320;3324-3326;3330-3331;3335-3336;3341-3342;3347-3348;3353-3354;3359-3360;3365-3366;3371;3387-3389;3394;3404-3406;3411;3418-3420;3425;3429-3431;3436;3439-3441;3446;3448-3450;3455;3457-3459;3464;3466-3468;3473-3474;3479;3481-3483;3488-3491;3496-3497;3502;3504-3506;3511;3513-3515;3520-3521;3526;3529-3531;3536-3537;3542;3547-3549;3554-3555;3560-3561;3566-3567;3572;3576-3578;3583-3584;3589-3590;3595;3604-3606;3611;3613-3615;3620;3622-3624;3629-3630;3635;3637-3641;3646-3647;3652;3654-3656;3661-3662;3667;3670-3672;3677;3682-3684;3689;3691-3695;3700;3702-3704;3709-3712;3717-3718;3723;3725-3727;3732;3739-3741;3746;3749-3751;3756;3759-3761;3766;3768-3770;3775-3776;3781-3782;3787;3789-3793;3798-3799;3804-3805;3810;3814-3816;3821;3823-3827;3832;3836-3838;3843-3844;3849;3853-3855;3860;3864-3866;3871;3874-3876;3881;3884-3886;3891;3893-3895;3900-3901;3906;3909-3911;3916-3917;3922;3924-3926;3931-3932;3937-3938;3943-3944;3949-3950;3954;3956-3958;3963;3971-3973;3978-3979;3984;3986-3988;3993-3996;4001-4002;4007;4012-4014;4019;4026-4028;4033;4035-4037;4042-4045;4050-4051;4056-4057;4062;4064-4066;4071-4072;4077;4079-4081;4086-4087;4092;4094-4096;4101-4102;4107-4108;4113;4120-4122;4127-4128;4133;4146-4148;4153;4156-4158;4163;4165-4169;4174;4181-4183;4188-4189;4194-4195;4200;4204-4206;4211-4212;4217-4220;4224-4225;4230;4233-4235;4240-4243;4247-4248;4253;4258-4260;4265;4268-4272;4277;4280-4282;4287-4290;4295;4301-4303;4308;4315-4317;4322;4328-4330;4335;4347-4349;4354-4355;4360-4361;4366;4369-4371;4376;4390-4392;4397-4400;4405;4410-4412;4417-4418;4423;4426-4428;4433-4436;4441-4442;4447-4448;4453;4458-4460;4465;4496-4498;4503-4504;4509-4510;4515;4517-4519;4524-4525;4530;4532-4534;4539;4542-4544;4549-4550;4555-4558;4563-4564;4569;4571-4573;4578-4579;4584-4585;4589;4591-4593;4598-4599;4604-4605;4609;4616-4618;4623-4624;4629-4630;4635;4637-4639;4644;4648-4650;4655;4666-4668;4673;4675-4677;4682-4683;4688-4689;4694;4696-4698;4703;4705-4707;4712-4713;4718-4719;4724;4726-4728;4733-4734;4739;4741-4745;4750;4752-4754;4758;4760-4762;4767;4770-4772;4777;4779-4781;4786;4788-4790;4795;4799-4803;4808;4816-4818;4823;4829-4831;4836-4839;4844-4847;4852-4853;4858-4859;4864;4867-4869;4874-4875;4880-4881;4885;4887-4889;4894;4898-4900;4905-4908;4913;4915-4917;4922-4923;4928;4931-4933;4938;4940-4942;4947;4949-4951;4956;4958-4960;4965;4968-4970;4975-4978;4982-4983;4988-4989;4994-4995;5000;5002-5004;5009;5012-5014;5018;5020-5022;5026-5029;5034-5035;5040-5041;5046-5047;5051;5056-5058;5063-5064;5069;5072-5074;5078;5080-5082;5087-5088;5093-5094;5099-5100;5105;5113-5115;5120-5123;5128-5129;5134-5135;5140-5141;5145;5147-5149;5153;5155-5159;5163;5165-5167;5172;5176-5178;5183;5186-5190;5195-5196;5201-5202;5207;5209-5211;5216;5218-5220;5225;5227-5229;5233;5245-5247;5252;5260-5262;5267-5270;5274;5278-5280;5285-5286;5291-5292;5297-5298;5303;5341-5343;5348;5351-5353;5358;5360-5362;5367;5370-5372;5377-5378;5383-5384;5389;5391-5393;5398-5401;5406;5412-5414;5419;5423-5425;5430;5433-5435;5440;5442-5444;5449-5450;5455;5459-5461;5466-5469;5474-5475;5480;5482-5484;5489-5492;5497;5499-5501;5506-5507;5512-5513;5518-5519;5524-5525;5530-5531;5536-5537;5542-5543;5548;5550-5552;5557;5560-5562;5567;5575-5577;5582;5590-5592;5597;5599-5601;5606;5608-5610;5615;5617-5619;5624-5627;5632;5663-5665;5670;5672-5674;5679-5680;5685-5688;5692-5693;5698;5701-5703;5708;5710-5714;5719;5723-5725;5730;5739-5741;5746;5748-5750;5755;5757-5759;5764;5766-5768;5773;5775-5777;5782;5786-5790;5795-5796;5801-5802;5806-5807;5812;5819-5821;5826;5829-5831;5836;5838-5844;5849-5850;5855-5856;5861-5862;5866;5868-5870;5875;5877-5879;5884-5885;5890;5892-5894;5899;5901-5903;5908;5911-5913;5919-5920;5925-5926;5931;5936-5938;5943;5945-5949;5954;5962-5964;5969;5971-5973;5978-5981;5986;5990-5992;5997;5999-6001;6005;6020-6022;6026;6034-6036;6040-6041;6045-6048;6052;6054-6056;6061;6065-6067;6072;6074-6078;6083-6084;6089;6092-6094;6099-6100;6105-6106;6111-6112;6117-6118;6123;6127-6129;6133-6134;6139-6140;6145;6147-6149;6154-6155;6160;6163-6165;6170;6174-6176;6181;6183-6185;6190;6195-6197;6202-6203;6209-6210;6214-6215;6219-6220;6225;6231-6233;6238-6241;6246;6249-6251;6256;6263-6265;6270;6275-6277;6282;6286-6288;6293;6297-6301;6306-6307;6312-6313;6318-6319;6324;6326-6328;6333-6334;6339;6341-6343;6348;6355-6357;6362;6364-6366;6371-6372;6377-6378;6383;6392-6394;6399;6409-6411;6416;6432-6434;6439;6441-6443;6448-6451;6456;6458-6460;6464-6465;6470;6475-6477;6482;6485-6487;6492-6493;6498-6499;6504;6507-6509;6513;6515-6517;6522;6524-6526;6531-6534;6539-6540;6544-6545;6550;6554-6556;6561;6564-6566;6571;6573-6577;6582;6586-6588;6593;6597-6599;6604-6607;6612;6614-6616;6621-6622;6627;6630-6632;6637-6638;6643-6644;6649-6650;6655;6659-6661;6666-6667;6672-6673;6678;6683-6685;6690-6691;6696-6697;6702-6703;6708-6709;6714;6722-6724;6729-6732;6737-6738;6743;6751-6753;6758-6759;6764-6765;6770-6771;6776;6781-6783;6788;6791-6795;6800;6807-6809;6814-6815;6820;6824-6828;6833-6834;6839;6845-6847;6852-6855;6860;6864-6866;6871;6875-6877;6882;6887-6889;6894;6898-6900;6905-6906;6911;6914-6916;6921-6922;6927;6929-6931;6936;6938-6940;6944-6945;6950-6951;6956-6957;6962-6963;6968;6970-6972;6977;6980-6982;6987;6989-6991;6996;6999-7001;7005-7006;7011-7012;7017-7018;7023-7024;7029;7032-7034;7038-7039;7044;7058-7060;7065;7068-7070;7075;7078-7080;7085;7087-7089;7094;7096-7098;7103-7104;7109-7110;7115-7116;7121;7123-7125;7130;7133-7135;7140;7142-7146;7151;7154-7156;7161;7164-7168;7173-7174;7179;7181-7183;7188-7189;7194-7195;7200-7201;7206-7207;7212;7214-7216;7221;7223-7227;7231-7232;7237-7238;7243-7244;7249;7251-7253;7258-7259;7264-7265;7269-7270;7275;7277-7279;7284;7291-7293;7298;7300-7302;7307;7309-7313;7317-7318;7323;7327-7329;7334-7337;7342-7343;7348-7349;7354-7355;7360-7361;7366-7367;7372;7374-7376;7381-7382;7387;7389-7391;7396;7398-7402;7407-7408;7413-7414;7419-7420;7425;7427-7429;7434;7436-7438;7443-7444;7449;7451-7453;7457;7459-7461;7466-7467;7472-7473;7478-7479;7483-7484;7489-7490;7495-7496;7501;7503-7505;7509;7511-7513;7518;7523-7525;7529-7530;7535-7536;7541-7542;7547-7548;7553-7554;7558-7559;7564-7565;7570-7571;7575;7578-7580;7584;7587-7591;7596-7597;7602-7603;7608;7611-7613;7618-7619;7624;7626-7630;7634-7635;7640-7641;7646;7648-7650;7655-7656;7661;7664-7666;7671-7672;7677-7678;7683;7685-7687;7692-7693;7698-7699;7704-7705;7710;7712-7714;7719-7720;7725-7726;7731-7732;7737;7739-7741;7746;7748-7750;7755-7756;7760;7771-7773;7777;7781-7783;7787;7790-7794;7799;7804-7806;7811;7815-7817;7822;7825-7827;7832-7833;7838-7839;7844;7847-7849;7854;7856-7858;7863-7864;7869;7871-7873;7878;7881-7883;7888-7889;7894;7897-7899;7904;7908-7910;7915;7918-7920;7925;7927-7929;7934;7936-7940;7945-7946;7951;7955-7957;7962;7964-7968;7973;7976-7978;7983-7984;7989-7990;7995-7996;8000-8001;8006-8007;8012-8013;8017-8018;8022-8023;8027-8028;8032-8033;8037-8038;8042-8043;8048-8049;8054-8055;8060-8061;8065-8066;8071;8074-8076;8081;8083-8085;8090-8091;8096-8097;8102;8104-8106;8111-8112;8116-8117;8122;8124-8126;8131-8132;8136;8139-8141;8145-8148;8152;8154-8156;8161;8164-8166;8171-8172;8177;8179-8181;8186;8190-8192;8197-8198;8203-8204;8209;8212-8214;8219-8220;8225;8227-8229;8234-8237;8242-8243;8248-8249;8254-8255;8260;8274-8276;8281;8284-8286;8291-8294;8298-8299;8303-8304;8308;8310-8312;8317-8318;8323;8328-8330;8335;8340-8342;8347;8351-8355;8360-8361;8366-8367;8372;8374-8376;8381-8382;8387;8389-8391;8396-8399;8404;8406-8408;8413;8415-8417;8422;8424-8426;8431;8442-8444;8449;8452-8454;8459;8461-8465;8470;8472-8474;8479;8486-8488;8492-8493;8498;8501-8503;8508-8509;8514-8515;8520;8524-8526;8532-8533;8538;8550-8552;8557-8558;8563-8564;8569-8570;8575-8576;8581;8583-8585;8589-8590;8594-8595;8600;8604-8606;8611;8635-8637;8642-8645;8650-8651;8656;8661-8663;8668-8669;8674-8675;8680-8681;8686;8688-8690;8695;8697-8699;8704;8707-8709;8714;8718-8722;8727-8728;8733-8734;8739-8740;8745;8749-8751;8756;8758-8760;8765;8767-8771;8776-8777;8781-8782;8786;8789-8791;8795-8796;8801;8803-8805;8809;8814-8816;8821;8824-8826;8831;8833-8835;8840;8845-8847;8852-8853;8858;8860-8862;8867-8868;8872;8874-8876;8881;8883-8885;8890;8892-8894;8899-8900;8905;8907-8909;8914;8921-8923;8928;8935-8937;8942;8944-8948;8952-8953;8958;8960-8962;8967-8968;8973-8974;8979-8980;8984;8986-8988;8993;8995-8997;9002;9004-9006;9011;9013-9015;9019-9020;9025-9026;9031;9035-9037;9042;9044-9046;9050-9051;9056;9058-9060;9065-9068;9073;9080-9082;9087;9092-9094;9099-9100;9105;9107-9109;9114-9115;9120-9121;9126-9127;9132-9133;9138-9139;9144-9145;9150-9151;9156-9157;9162-9163;9168-9169;9174;9176-9178;9183-9186;9191;9197-9199;9204-9205;9210-9211;9216-9217;9222-9223;9228;9230-9232;9237;9239-9241;9246;9248-9250;9255;9259-9261;9266;9268-9272;9277-9278;9283;9287-9289;9294-9295;9300;9302-9306;9311;9315-9317;9322;9328-9330;9335-9338;9343;9346-9348;9353-9356;9361;9363-9365;9370;9372-9374;9379;9381-9383;9388;9390-9392;9397;9400-9402;9407;9412-9414;9419;9423-9427;9432;9437-9439;9444-9447;9452;9459-9461;9466;9470-9474;9479;9482-9484;9489-9492;9497;9502-9504;9509-9512;9517;9524-9526;9531-9534;9539;9544-9546;9551;9555-9559;9564;9566-9568;9573;9578-9580;9585;9588-9590;9595;9598-9600;9605;9607-9609;9614;9618-9620;9625-9628;9633;9638-9640;9645-9648;9653;9658-9660;9665-9668;9673;9677-9679;9684-9687;9692;9696-9698;9703-9706;9711;9715-9717;9722-9725;9730;9735-9737;9742-9745;9750;9753-9755;9760-9763;9768;9772-9774;9779-9782;9787;9792-9794;9799;9804-9806;9811-9814;9819;9823-9825;9830;9835-9837;9842-9845;9850;9854-9856;9861-9862;9867-9868;9873-9874;9880-9881;9886-9887;9892;9895-9897;9902-9903;9907-9908;9913-9914;9919-9920;9924-9925;9929;9931-9933;9937;9941-9943;9947;9951-9953;9957;9962-9964;9968;9972-9974;9978;9981-9983;9987;9990-9992;9996;9998-10000;10004;10007-10009;10013;10016-10018;10022;10028-10030;10034;10036-10038;10042-10043;10047;10051-10053;10057;10071-10073;10077-10080;10085;10088-10090;10095-10096;10101-10102;10107-10108;10113;10120-10122;10127-10130;10134;10137-10139;10144;10148-10150;10155;10158-10162;10167-10168;10173-10174;10179-10180;10185;10188-10190;10195-10196;10201-10202;10207-10208;10212;10219-10221;10225-10226;10230-10233;10237;10241-10243;10248;10250-10252;10257;10260-10262;10267-10268;10273;10278-10280;10285;10290-10292;10296;10304-10306;10311;10313-10315;10320;10322-10324;10329-10330;10335;10337-10339;10344-10345;10350;10352-10354;10359;10362-10364;10368;10371-10373;10378-10379;10384;10391-10393;10397-10398;10403-10404;10409;10411-10413;10418-10421;10426-10427;10432-10433;10438;10444-10446;10451-10452;10457;10462-10464;10469-10470;10475;10478-10480;10485;10487-10491;10496-10497;10502-10503;10508;10529-10531;10536-10537;10542-10543;10548-10549;10554;10556-10558;10563;10565-10567;10572-10573;10578-10579;10584;10587-10589;10594-10595;10600-10601;10606;10609-10611;10616;10619-10623;10628-10629;10634-10635;10640;10642-10644;10649;10652-10654;10658-10659;10664-10665;10670;10672-10674;10679;10681-10683;10687-10688;10693;10695-10697;10701-10702;10707;10709-10711;10716;10722-10724;10729-10732;10737-10738;10743;10747-10749;10754-10755;10760;10762-10764;10768-10769;10774;10788-10790;10795;10797-10799;10804-10807;10812-10813;10818-10821;10826;10828-10830;10835;10843-10845;10850;10852-10854;10859;10864-10866;10871-10872;10877-10878;10883-10886;10891;10896-10898;10903-10904;10909;10914-10916;10921;10923-10927;10932-10933;10938-10939;10944;10947-10949;10954;10956-10958;10963;10965-10967;10972-10973;10978-10979;10984;10988-10990;10995;10998-11000;11004-11005;11010;11012-11014;11019-11022;11027-11028;11033;11037-11039;11044-11047;11052-11053;11058;11067-11069;11074;11076-11078;11083;11085-11087;11092;11094-11096;11101-11104;11109;11113-11115;11120;11122-11124;11129;11131-11133;11138;11140-11142;11147;11151-11155;11160;11162-11164;11169;11171-11175;11180;11184-11186;11191;11198-11200;11205;11207-11209;11214;11216-11220;11225;11227-11229;11234-11235;11240-11241;11246;11252-11254;11259;11262-11264;11269-11272;11277-11278;11283;11286-11288;11293-11294;11299;11302-11304;11309-11310;11315;11321-11323;11328;11335-11337;11342;11346-11350;11355;11357-11359;11364-11365;11370;11380-11382;11387;11389-11391;11396-11397;11402-11403;11408;11411-11413;11418;11420-11424;11429-11430;11435;11438-11440;11445;11448-11450;11455;11457-11459;11464;11470-11472;11476-11477;11481-11482;11487-11488;11493;11497-11499;11503;11506-11508;11512;11515-11517;11521;11523-11525;11530;11534-11536;11541;11543-11545;11550-11553;11558;11561-11563;11568-11569;11574-11575;11580-11581;11586-11587;11592-11593;11598;11602-11604;11609;11613-11617;11622;11624-11626;11631-11632;11637;11651-11653;11658;11663-11665;11670-11671;11676-11677;11682;11686-11688;11693;11695-11699;11704-11705;11710;11716-11718;11723-11726;11731;11735-11737;11742-11745;11750;11760-11762;11767;11771-11773;11778-11781;11786-11787;11792;11794-11796;11801;11803-11805;11810;11814-11816;11821-11822;11826;11829-11831;11836-11837;11842;11844-11846;11851-11852;11856;11867-11869;11873;11877-11881;11885;11894-11896;11900;11906-11910;11914;11926-11928;11932;11938-11942;11946;11951-11953;11957;11963-11967;11972;11974-11976;11981-11982;11987-11988;11993;11995-11997;12002;12004-12008;12013;12018-12020;12025;12028-12030;12035-12036;12041-12042;12047;12050-12052;12057-12058;12063-12064;12068-12069;12074-12075;12080;12082-12084;12089-12090;12095;12097-12099;12104-12105;12110;12113-12115;12119-12120;12125;12127-12129;12134;12137-12139;12144-12145;12150-12153;12158-12159;12164;12167-12169;12174-12175;12180-12181;12186;12191-12193;12198-12199;12204-12205;12210;12212-12214;12219;12221-12223;12228;12230-12232;12237-12238;12243-12244;12249-12250;12255;12258-12260;12265;12269-12271;12276;12278-12282;12287-12290;12295-12296;12301-12302;12307;12309-12311;12316-12317;12322;12325-12327;12332-12335;12340;12344-12346;12351;12354-12356;12361-12362;12367;12369-12371;12376-12379;12383-12384;12389;12394-12396;12401-12402;12407-12408;12413-12414;12419-12420;12425;12428-12430;12435-12436;12441-12442;12447;12451-12453;12458-12459;12463-12464;12469;12473-12475;12480-12483;12488;12495-12497;12502;12505-12509;12514-12515;12520;12526-12528;12533-12536;12540-12541;12546;12549-12551;12556-12559;12564;12567-12569;12574-12575;12579;12581-12583;12587-12588;12593;12596-12598;12602-12603;12607-12608;12613-12614;12619;12624-12626;12632;12634-12636;12642;12645-12647;12653;12655-12659;12665-12666;12672;12685-12687;12693;12696-12698;12704;12707-12709;12715;12717-12721;12727;12729-12731;12737;12741-12745;12750;12752-12754;12759;12761-12763;12768;12792-12794;12799;12803-12807;12812;12826-12828;12833-12836;12841;12844-12846;12851;12857-12859;12864;12898-12900;12905-12906;12911;12914-12916;12921;12923-12927;12932-12933;12938;12951-12953;12958;12962-12964;12969-12970;12975;12977-12981;12986-12987;12993;12996-12998;13003;13006-13008;13013;13015-13019;13024-13025;13030;13032-13034;13039-13040;13045;13049-13051;13056;13060-13062;13067-13068;13073;13077-13079;13084-13085;13090;13092-13096;13101;13103-13105;13110;13112-13114;13119;13123-13125;13130-13131;13136;13138-13142;13147;13158-13160;13165;13168-13172;13177;13180-13182;13187;13189-13191;13196;13199-13201;13206-13209;13213;13215-13217;13221-13222;13226-13227;13232;13234-13236;13241;13247-13249;13254;13259-13261;13266-13267;13272;13279-13281;13286-13287;13292;13294-13296;13301;13303-13305;13310;13334-13336;13341;13343-13345;13350-13351;13356;13358-13360;13365;13370-13372;13377;13379-13381;13386;13388-13390;13395;13397-13399;13404;13406-13408;13413;13415-13417;13422;13424-13426;13431-13432;13437;13441-13443;13448;13450-13452;13457;13459-13461;13466;13470-13472;13477;13480-13482;13487;13489-13491;13496-13499;13503-13504;13509;13511-13513;13518;13523-13525;13530;13532-13534;13539-13540;13544-13545;13549-13550;13555-13556;13560-13561;13566;13578-13580;13585;13588-13590;13595;13597-13599;13604;13606-13608;13613-13616;13621;13624-13626;13631;13636-13638;13643;13647-13649;13654;13662-13664;13669-13670;13675;13678-13680;13685-13686;13691-13695
88182201917d86e1340085cbc8b79fea7db0fad6,MODIFY,regular-file,package.json,1461,1;5;9-10;34-35;50-51
024754d90d2367f40c9635a8803dc714fa9b1baf,MODIFY,regular-file,src/App.vue,4557,10;84;87;89-90;93-94;96-98;103;105-109;112-115;117-119;125;128;130;132;134;141;143;146;148;151;153;161;167-168;170;172-174;176;178;180;182
145b6d13089c81fcb16f68ad8f976e389dcd77e3,MODIFY,regular-file,src/assets/logo.svg,539,1
f2fc3c62d676d74af1df89eb1369e0a117cf0d2b,MODIFY,regular-file,src/assets/ql.css,28772,7;14-15;17-18;20-21;27-28;31-32;44-45;47;58;62;64;66;68;70-71;73;75;77;79;81;83;87-88;90-91;93-94;98-99;103-104;107;109;111;113;115-116;119-120;122-123;125-126;128-129;131-132;134-135;137-138;140-141;143-144;146-147;149-150;152-153;155-156;158-159;161-162;164-165;167-168;170-171;173-174;176-177;179-180;182-183;185-186;188-189;191-192;194-195;197-198;200-201;203-204;206-207;209-210;212-213;215-216;218-219;221-222;224-225;227-228;230-231;233-234;236-237;239-240;242-243;245-246;248-249;251-252;254-255;257-258;260-261;263-264;266-267;269-270;272-273;275-276;278-279;281-282;284-285;287-288;290-291;293-294;296-297;299-300;302-303;305-306;308-309;312-313;315-316;318-319;321-322;324-325;327-328;330-331;333-334;336-337;339-340;342-343;345-346;348-349;351-352;354-355;357-358;360-361;363-364;366-367;369-370;372-373;375-376;379-380;382-383;385-386;388-389;397;399;403;405;414;416;419;421;423;425;427;441;443;471;473;501;503-504;506;508;512;514;518;520-522;524-525;527-528;530;532;534-535;538-539;542-543;545-546;549-550;554-555;561-562;567;569;571-572;574-575;577;579;581-582;584-585;587-588;590-591;593-594;596-597;599-600;602-603;605-606;608-609;611-612;614-615;620;622;625-626;631-632;635-636;640-641;643-644;653-654;662-663;666-667;674-675;680-681;684-685;687-688;690-691;696;698;700;702;704;706;708-709;711-712;716-717;720-721;728-729;735;753;755-756;758;760;762;764;766;768;770;772;774;776;778;780;782;784;786-787;789-790;792-793;795-796;798-799;801-802;804-805;807;809;811;813;815;817;819-820;822-823;825-826;828;830;832;834;836;838;840;842;844-845;847-848;850-851;853-854;856-857;859-860;867-868;870-871;873-874;877-878;880-881;883;885;887-888;891-892;899-900;904-905;913-914;920-921;926-927;930-931;933;935;937-938;940-941;945-946;948-949;951-952;954-955;957-958;960
9d75ecf6ff521fbf92658a23ec3ff96445a60c47,MODIFY,regular-file,src/assets/stroke.scss,652,2-5;8-9;11-12;14;16-19;21
ed6637adbff4cf8f598349885169257068644fc7,MODIFY,regular-file,src/components/Login.vue,11178,10;126;128;138;141;153;155-156;184-185;187-188;190;198;202;205;209;212-214;216-217;219-222;224;232;236;239;242-243;249;257-261;263-265;267-268;273-274;277;283-285;288-293;295-298;301-302;309-313;318;320-322;326;329;336-337;339-340;342-343;345;347;350;357;359-360;365;367;375-376;378;380-381;383;386-387;389-390;395-396;398;403
a098ad87ef60c4e47ff6bc740945be5ee67aaaa9,MODIFY,regular-file,src/components/adminPanel/FeedbackSection.vue,890,23;25;27-30;34-35;37-38;43-44
f12a8629fc73842a8b2dba6708eea7414650e81f,MODIFY,regular-file,src/components/adminPanel/items/FeedbackHandler.vue,2209,15;30;33-35;41-44;49-50;55-57;67;69-70;73-74;76-79;83-84
f8921be2f533452451221ca3597be21ad7497286,MODIFY,regular-file,src/components/adminPanel/items/FeedbackItem.vue,1458,4;18;21-23;25-26;37-40;47-49;55;63;65-66;69;71-73
0f0ef4fd0ddbf17968e8e046df2970591a671168,MODIFY,regular-file,src/main.js,988,15;24;30;35
d9e8d48bb179ec87b0cced2f471913d181e7d295,MODIFY,regular-file,src/plugins/vuetify.js,312,5-6;8;10-15
76cede074d8a8393586f6567de3020e2e506591d,MODIFY,regular-file,src/registerServiceWorker.js,903,3;5-7;12-13;15-16;18-19;21-22;24-25;27-28;30-32
e3036f8ef69e0291a7091d164d762e9913349d89,MODIFY,regular-file,src/router/index.js,681,11;15-16;20-21;25-26;30;33;37
a1d0388dea8e1573fd89f9e186e2dff4501e5943,MODIFY,regular-file,src/store/index.js,321,6-7;12-14;16-20
a516b6aecd49687bee1af2053194241c80efff94,MODIFY,regular-file,src/utils/databaseExport.js,531,12;16-17;19;21;23
d8d88325528c68c8cdd3d276659974043ec3149c,MODIFY,regular-file,src/utils/databaseImport.js,299,11;13
429f1352b26144c0d86c455ca22812a7fac1c6aa,MODIFY,regular-file,src/utils/dateParse.js,92,1;3
33aad6474cd7bccf6fddc7f77edbf84263e0bd0c,MODIFY,regular-file,src/utils/wait.js,157,1;4;6-7
ec12cfda356619658270fbbc7b1977919a452154,MODIFY,regular-file,src/views/AdminPanel.vue,1402,14;16-18;20-22;24-25;35-37;39;41-46;48;50-53;57;59;61;63
feea2b02a38355b0359f83e2cf78988672d93c7b,MODIFY,regular-file,src/views/Blog.vue,161,6;8-11
4a27718eba1273b94f88f58154dc4cd90d2c20e0,MODIFY,regular-file,src/views/Feedback.vue,2413,10;41;44;46;48-49;54-56;58-61;65-66;69;74-77;80-82;88;90;92;97
2dbb915e976a14cdefd856c2c13d94498f863355,MODIFY,regular-file,src/views/Home.vue,1396,13;23;25;27;33;38;46-47;53;59-60;62-64
ef6e86b246abc49a30b8763abba79e6bb9e8cf4e,MODIFY,regular-file,vue.config.js,67,1;5